feature,importance
Balance,0.1740027509691832
CreditScore,0.17135052254742641
HasCrCard,0.08756991253902831
Tenure,0.02715652955954615
EstimatedSalary,0.009462990191601284
Geography,0.0031838200944852347
NumOfProducts,-0.0008482258482258364
IsActiveMember,-0.004210592685288983
Age,-0.009826835080595564
