feature,importance
Geography,0.21326186219380672
HasCrCard,0.0687180975191427
Age,0.008242487350653504
