{
    "f1": 0.5071225071225072,
    "roc_auc": 0.8240924092409241
}