{
    "f1": 0.37006802721088433,
    "roc_auc": 0.7549139068057873
}